INSERT INTO departamentos (nombre, icono, create_at, short_name) VALUES ('Avionics', 'plane', '2019-07-31','AVI');
INSERT INTO departamentos (nombre, icono, create_at, short_name) VALUES ('Administration', 'address-card', '2019-07-31', 'ADN');
INSERT INTO departamentos (nombre, icono, create_at, short_name) VALUES ('Motors', 'fan', '2019-07-31', 'MOT');
INSERT INTO departamentos (nombre, icono, create_at, short_name) VALUES ('Production', 'industry', '2019-08-20', 'PRO');
INSERT INTO departamentos (nombre, icono, create_at, short_name) VALUES ('Administrator', 'user-cog', '2019-08-20', 'ADR');
INSERT INTO departamentos (nombre, icono, create_at, short_name) VALUES ('Part Control', 'hammer', '2019-08-20', 'PCT');
INSERT INTO lateralmenus (departamento_id, link, create_at) VALUES (1, 'avionics','2019-07-31');
INSERT INTO lateralmenus (departamento_id, link, create_at) VALUES (2, 'administration','2019-07-31');
INSERT INTO lateralmenus (departamento_id, link, create_at) VALUES (3, 'motors','2019-07-31');
INSERT INTO lateralmenus (departamento_id, link, create_at) VALUES (4, 'production','2019-08-20');
INSERT INTO lateralmenus (departamento_id, link, create_at) VALUES (5, 'admin','2019-08-20');
INSERT INTO lateralmenus (departamento_id, link, create_at) VALUES (6, 'partcontrol','2019-08-20');
INSERT INTO topmenus (departamento_id, nombre, link, create_at) VALUES (1, 'Home', 'inicio','2019-07-31');
INSERT INTO topmenus (departamento_id, nombre, link, create_at) VALUES (1, 'Avionics1', 'inicio','2019-07-31');
INSERT INTO topmenus (departamento_id, nombre, link, create_at) VALUES (1, 'Avionics2', 'inicio','2019-07-31');
INSERT INTO topmenus (departamento_id, nombre, link, create_at) VALUES (1, 'Avionics3', 'inicio','2019-07-31');
INSERT INTO topmenus (departamento_id, nombre, link, create_at) VALUES (2, 'Home', 'inicio','2019-07-31');
INSERT INTO topmenus (departamento_id, nombre, link, create_at) VALUES (2, 'Administration1', 'inicio','2019-07-31');
INSERT INTO topmenus (departamento_id, nombre, link, create_at) VALUES (2, 'Administration2', 'inicio','2019-07-31');
INSERT INTO topmenus (departamento_id, nombre, link, create_at) VALUES (2, 'Administration3', 'inicio','2019-07-31');
INSERT INTO topmenus (departamento_id, nombre, link, create_at) VALUES (3, 'Home', 'inicio','2019-07-31');
INSERT INTO topmenus (departamento_id, nombre, link, create_at) VALUES (3, 'Motors1', 'inicio','2019-07-31');
INSERT INTO topmenus (departamento_id, nombre, link, create_at) VALUES (3, 'Motors2', 'inicio','2019-07-31');
INSERT INTO topmenus (departamento_id, nombre, link, create_at) VALUES (3, 'Motors3', 'inicio','2019-07-31');
INSERT INTO topmenus (departamento_id, nombre, link, create_at) VALUES (4, 'Home', 'inicio','2019-08-20');
INSERT INTO topmenus (departamento_id, nombre, link, create_at) VALUES (4, 'Calendar', 'calendario','2019-08-20');
INSERT INTO topmenus (departamento_id, nombre, link, create_at) VALUES (4, 'Production2', 'inicio','2019-08-20');
INSERT INTO topmenus (departamento_id, nombre, link, create_at) VALUES (4, 'Production3', 'inicio','2019-08-20');
INSERT INTO topmenus (departamento_id, nombre, link, create_at) VALUES (5, 'Home', 'inicio','2019-08-20');
INSERT INTO topmenus (departamento_id, nombre, link, create_at) VALUES (5, 'User Management', 'admin_users','2019-08-20');
INSERT INTO topmenus (departamento_id, nombre, link, create_at) VALUES (5, 'Profile', 'profile','2019-08-20');
INSERT INTO topmenus (departamento_id, nombre, link, create_at) VALUES (5, 'Workday', 'workday','2019-08-20');
INSERT INTO topmenus (departamento_id, nombre, link, create_at) VALUES (6, 'Home', 'inicio','2019-08-20');
INSERT INTO topmenus (departamento_id, nombre, link, create_at) VALUES (6, 'Checklist', 'admin_users','2019-08-20');
INSERT INTO topmenus (departamento_id, nombre, link, create_at) VALUES (6, 'Control', 'profile','2019-08-20');
INSERT INTO submenus (topmenu_id, nombre, link, create_at) VALUES (4, 'Avionic 1.1', 'inicio','2019-07-31');
INSERT INTO submenus (topmenu_id, nombre, link, create_at) VALUES (4, 'Avionic 1.2', 'inicio','2019-07-31');
INSERT INTO submenus (topmenu_id, nombre, link, create_at) VALUES (4, 'Avionic 1.3', 'inicio','2019-07-31');
INSERT INTO submenus (topmenu_id, nombre, link, create_at) VALUES (3, 'Avionic 3.1', 'inicio','2019-07-31');
INSERT INTO submenus (topmenu_id, nombre, link, create_at) VALUES (3, 'Avionic 3.2', 'inicio','2019-07-31');
INSERT INTO submenus (topmenu_id, nombre, link, create_at) VALUES (3, 'Avionic 3.3', 'inicio','2019-07-31');
INSERT INTO submenus (topmenu_id, nombre, link, create_at) VALUES (8, 'Administration 1.1', 'inicio','2019-07-31');
INSERT INTO submenus (topmenu_id, nombre, link, create_at) VALUES (8, 'Administration 1.2', 'inicio','2019-07-31');
INSERT INTO submenus (topmenu_id, nombre, link, create_at) VALUES (8, 'Administration 1.3', 'inicio','2019-07-31');
INSERT INTO submenus (topmenu_id, nombre, link, create_at) VALUES (12, 'Motors 1.1', 'inicio','2019-07-31');
INSERT INTO submenus (topmenu_id, nombre, link, create_at) VALUES (12, 'Motors 1.2', 'inicio','2019-07-31');
INSERT INTO submenus (topmenu_id, nombre, link, create_at) VALUES (12, 'Motors 1.3', 'inicio','2019-07-31');
INSERT INTO submenus (topmenu_id, nombre, link, create_at) VALUES (22, 'Sheet control', 'inicio','2019-07-31');
INSERT INTO submenus (topmenu_id, nombre, link, create_at) VALUES (22, 'Process and task control', 'inicio','2019-07-31');
INSERT INTO submenus (topmenu_id, nombre, link, create_at) VALUES (23, 'Vehicle use control', 'inicio','2019-07-31');
INSERT INTO submenus (topmenu_id, nombre, link, create_at) VALUES (23, 'Daily tool', 'inicio','2019-07-31');
INSERT INTO rol (id, rol_nombre,weight,departamento_id) VALUES ('1', 'ROLE_ADMIN','2',null), ('2', 'ROLE_USER','3',null), ('3', 'ROLE_MASTER','1',null), ('4', 'ROLE_PCT_SUPERVISOR','2','6'), ('5', 'ROLE_PCT_USER','2','6'), ('6', 'ROLE_PCT_VIEW','2','6');
INSERT INTO usuario (id, email, nombre, primer_apellido, segundo_apellido, nombre_usuario, password) VALUES ('1', 'juanjose.delprado@swiftair.com', 'Juan José', 'del Prado', 'Gálvez', 'juanjose.delprado', '$2a$10$Ba88cLV7fPk1upsqDxPgrelo/GFCB9msFqMuhTrOyl/k8wpJU0fBy'); 
INSERT INTO usuario (id, email, nombre, primer_apellido, segundo_apellido, nombre_usuario, password) VALUES ('2', 'andres.delprado@swiftair.com', 'Andrés', 'del Prado', 'Gálvez', 'andres.delprado', '$2a$10$80wLwOm7pqfGX4jf6WlTjOtlefPCXSGBWvQC4m7FtZpg0e0ectnSq');
INSERT INTO usuario (id, email, nombre, primer_apellido, segundo_apellido, nombre_usuario, password) VALUES ('3', 'user@swiftair.com', 'User', 'user', 'user', 'user.user', '$2a$10$oXtcE4/GxF4RiOPoKI1Pj.PlwVrr8hPib8G.EDOVJZPU1z5jW.BVW');
INSERT INTO usuario (id, email, nombre, primer_apellido, segundo_apellido, nombre_usuario, password) VALUES ('4', 'admin@swiftair.com', 'Admin', 'admin', 'admin', 'admin.admin', '$2a$10$NjDfHa5ePDGyxl9BLpms7OmVhD.5JmDh1luwEPd5mcRRtZ997mrlG');
INSERT INTO usuario_rol (usuario_id, rol_id) VALUES (1,1), (1,2), (1,3), (2,2), (3,2),(4,1);
INSERT INTO usuario_departamento (usuario_id, departamento_id) VALUES (1,1),(1,2),(1,3),(1,4),(1,5), (2,1), (2,2), (3,1), (3,2), (4,4), (4,5);
INSERT INTO workdays (id,afternoon_input,afternoon_output,create_at,date_workday,food_break,morning_input,morning_output,total_hours,usuario_id) VALUES (1,'03:00 PM','05:00 PM','2019-09-02','2019-09-02','01:30','08:00 AM','02:00 PM','08:00','1');

